,Unnamed: 0,country,Alpha-2 code,Alpha-3 code,Numeric code,ISO 3166-2,f_agri,f_sec,f_ser,GDP per Capita,UNEMPR,Urbanization rate,Population growth,Sex-ratio,Life expectancy,Fertility
0,0,Zimbabwe,ZW,ZWE,716,ISO 3166-2:ZW,69.5,1.9,28.6,1737.0,4.953999996,32.2,2.7,0.96,61.2,3.6
1,1,Zambia,ZM,ZMB,894,ISO 3166-2:ZM,54.7,4.3,41.0,1121.0,11.42500019,44.6,3.19,1.0,63.5,4.6
2,2,Vietnam,VN,VNM,704,ISO 3166-2:VN,38.3,23.3,38.4,3694.0,2.013000011,37.3,1.06,1.01,75.3,2.0
3,3,Vanuatu,VU,VUT,548,ISO 3166-2:VU,56.8,12.5,30.7,3127.0,4.385000229,25.5,2.24,0.99,70.3,3.8
4,4,Uzbekistan,UZ,UZB,860,ISO 3166-2:UZ,23.8,14.3,61.9,1983.0,5.916999817,50.4,1.47,0.99,71.5,2.4
5,5,Uruguay,UY,URY,858,ISO 3166-2:UY,3.8,8.6,87.6,17021.0,8.730999947,95.5,0.35,0.94,77.8,2.0
6,6,United States,US,USA,840,ISO 3166-2:US,0.8,8.9,90.4,69288.0,3.681999922,82.7,0.74,0.97,78.9,1.7
7,7,United Kingdom,GB,GBR,826,ISO 3166-2:GB,0.6,7.7,91.7,47334.0,3.851000071,83.9,0.75,0.99,81.2,1.7
8,8,United Arab Emirates,AE,ARE,784,ISO 3166-2:AE,0.0,5.4,94.6,,2.34800005,87.0,3.1,2.56,77.8,1.4
9,9,Ukraine,UA,UKR,804,ISO 3166-2:UA,11.4,14.0,74.6,4836.0,8.881999969,69.6,-0.25,0.86,72.0,1.3
10,10,Uganda,UG,UGA,800,ISO 3166-2:UG,76.8,3.2,20.0,858.0,1.843000054,25.0,3.35,0.94,63.0,5.0
11,11,Turkmenistan,TM,TKM,795,ISO 3166-2:TM,18.7,36.3,45.0,0.0,3.913000107,52.5,1.29,0.98,68.1,2.8
12,12,Turkey,TR,TUR,792,ISO 3166-2:TR,25.0,15.9,59.1,9587.0,13.48999977,76.1,1.28,1.01,78.3,2.1
13,13,Tunisia,TN,TUN,788,ISO 3166-2:TN,9.0,32.6,58.5,3924.0,16.02199936,69.6,0.97,0.99,76.5,2.2
14,14,Trinidad and Tobago,TT,TTO,780,ISO 3166-2:TT,1.3,12.4,86.3,,2.686000109,53.2,0.33,1.03,73.4,1.7
15,15,Tonga,TO,TON,776,ISO 3166-2:TO,1.5,45.0,53.5,0.0,1.116999984,23.1,0.37,1.01,70.8,3.6
16,16,Togo,TG,TGO,768,ISO 3166-2:TG,26.9,17.8,55.4,992.0,2.038000107,42.8,2.6,0.98,60.8,4.3
17,17,Timor-Leste,TL,TLS,626,ISO 3166-2:TL,39.2,7.6,53.3,1458.0,4.547999859,,,,,
18,18,Thailand,TH,THA,764,ISO 3166-2:TH,28.3,19.8,52.0,7233.0,0.754000008,51.4,0.31,0.96,76.9,1.5
19,19,Tanzania,TZ,TZA,834,ISO 3166-2:TZ,66.7,3.1,30.2,1136.0,1.980000019,35.2,3.04,1.0,65.0,4.9
20,20,Tajikistan,TJ,TJK,762,ISO 3166-2:TJ,60.0,7.4,32.6,897.0,11.0170002,27.5,2.45,0.99,70.9,3.6
21,21,Syrian Arab Republic,SY,SYR,760,ISO 3166-2:SY,6.8,8.3,84.9,0.0,,,,,,
22,22,Switzerland,CH,CHE,756,ISO 3166-2:CH,2.0,10.1,87.9,93457.0,4.580999851,73.9,1.07,0.98,,1.5
23,23,Sweden,SE,SWE,752,ISO 3166-2:SE,0.7,7.1,92.2,60239.0,6.475999832,88.0,0.71,1.0,82.7,1.8
24,24,Suriname,SR,SUR,740,ISO 3166-2:SR,4.5,7.5,87.9,4836.0,7.334000111,66.1,0.9,1.01,71.6,2.4
25,25,Sudan,SD,SDN,736,ISO 3166-2:SD,51.8,4.7,43.5,764.0,16.53499985,35.3,2.08,1.01,65.1,4.4
26,26,Sri Lanka,LK,LKA,144,ISO 3166-2:LK,27.6,25.9,46.5,3815.0,4.197999954,18.7,1.04,0.95,76.8,2.2
27,27,Spain,ES,ESP,724,ISO 3166-2:ES,2.0,9.4,88.6,30116.0,13.95899963,80.8,0.09,0.98,83.4,1.3
28,28,South Africa,ZA,ZAF,710,ISO 3166-2:ZA,3.8,12.0,84.2,6994.0,28.18099976,67.4,1.18,0.98,63.9,2.4
29,29,Somalia,SO,SOM,706,ISO 3166-2:SO,83.9,0.8,15.3,446.0,,46.1,2.86,1.02,56.7,6.1
30,30,Solomon Islands,SB,SLB,90,ISO 3166-2:SB,37.6,5.5,56.9,2337.0,0.575999975,24.7,2.13,1.04,72.8,4.4
31,31,Slovenia,SI,SVN,705,ISO 3166-2:SI,3.5,20.5,76.0,29201.0,4.195000172,55.1,0.26,1.0,81.2,1.6
32,32,Singapore,SG,SGP,702,ISO 3166-2:SG,0.0,11.0,89.0,72794.0,4.109000206,100.0,2.45,0.96,83.8,1.1
33,33,Sierra Leone,SL,SLE,694,ISO 3166-2:SL,51.5,1.5,47.0,516.0,4.427999973,42.9,1.91,0.95,54.3,4.3
34,34,Serbia,RS,SRB,688,ISO 3166-2:RS,13.3,19.0,67.8,9215.0,12.68599987,56.4,-0.48,0.95,75.8,1.5
35,35,Senegal,SN,SEN,686,ISO 3166-2:SN,24.8,5.4,69.8,1606.0,6.604000092,48.1,2.92,0.94,67.7,4.6
36,36,Saudi Arabia,SA,SAU,682,ISO 3166-2:SA,0.3,2.1,97.6,23586.0,5.927000046,84.3,1.88,1.3,75.0,2.3
37,37,Sao Tome and Principe,ST,STP,678,ISO 3166-2:ST,8.6,3.3,88.2,,13.36900043,,,1.0,70.2,4.3
38,38,Samoa,WS,WSM,882,ISO 3166-2:WS,6.6,37.2,56.1,3939.0,8.359000206,,0.78,1.04,73.2,3.9
39,39,Rwanda,RW,RWA,646,ISO 3166-2:RW,71.0,2.7,26.3,834.0,1.029999971,17.4,2.77,0.96,68.7,4.0
40,40,Romania,RO,ROU,642,ISO 3166-2:RO,21.0,20.9,58.1,14862.0,3.976000071,56.4,-0.27,0.95,75.9,1.8
41,41,Qatar,QA,QAT,634,ISO 3166-2:QA,0.0,6.2,93.8,61276.0,0.090999998,99.2,7.05,3.39,,1.9
42,42,Puerto Rico,PR,PRI,630,ISO 3166-2:PR,0.3,7.9,91.8,0.0,8.187000275,93.6,-0.73,0.9,,
43,43,Portugal,PT,PRT,620,ISO 3166-2:PT,3.6,15.0,81.4,24262.0,6.334000111,66.3,-0.29,0.9,81.9,1.4
44,44,Poland,PL,POL,616,ISO 3166-2:PL,8.1,17.5,74.4,17841.0,3.473999977,60.0,0.02,0.94,78.5,1.5
45,45,Philippines,PH,PHL,608,ISO 3166-2:PH,13.6,9.7,76.7,3549.0,2.150000095,47.4,1.72,1.01,71.1,2.6
46,46,Peru,PE,PER,604,ISO 3166-2:PE,26.3,8.3,65.4,6692.0,3.309999943,78.3,1.25,0.96,76.5,2.3
47,47,Paraguay,PY,PRY,600,ISO 3166-2:PY,12.8,8.7,78.5,5400.0,4.809000015,62.2,1.72,1.0,74.1,2.4
48,48,Papua New Guinea,PG,PNG,598,ISO 3166-2:PG,60.1,5.1,34.8,2916.0,2.459000111,13.3,2.17,1.04,64.3,3.6
49,49,Panama,PA,PAN,591,ISO 3166-2:PA,8.3,9.5,82.3,14516.0,3.90199995,68.4,1.64,1.01,78.3,2.5
50,50,Pakistan,PK,PAK,586,ISO 3166-2:PK,65.2,16.8,18.0,1538.0,4.453000069,37.2,2.69,1.04,67.1,3.5
51,51,Oman,OM,OMN,512,ISO 3166-2:OM,0.3,4.1,95.6,16439.0,2.671000004,86.3,9.13,1.18,77.6,2.9
52,52,Norway,NO,NOR,578,ISO 3166-2:NO,1.0,6.9,92.1,89203.0,3.345999956,83.0,1.32,1.02,82.5,1.6
53,53,Nigeria,NG,NGA,566,ISO 3166-2:NG,23.6,12.9,63.6,2085.0,8.095999718,52.0,2.79,1.02,54.3,5.4
54,54,Niger,NE,NER,562,ISO 3166-2:NE,69.5,9.4,21.2,595.0,0.474999994,16.6,3.84,0.98,62.0,5.3
55,55,Nicaragua,NI,NIC,558,ISO 3166-2:NI,8.2,12.3,79.5,2091.0,6.836999893,59.0,1.46,0.95,74.3,2.4
56,56,New Zealand,NZ,NZL,554,ISO 3166-2:NZ,3.7,8.9,87.3,48802.0,4.068999767,86.7,0.63,1.0,82.1,1.7
57,57,New Caledonia,NC,NCL,540,ISO 3166-2:NC,0.9,7.5,91.7,0.0,,71.5,1.6,1.0,,2.0
58,58,Netherlands,NL,NLD,528,ISO 3166-2:NL,1.4,6.3,92.4,58061.0,3.196000099,92.2,0.45,0.98,82.1,1.6
59,59,Nepal,NP,NPL,524,ISO 3166-2:NP,74.1,8.6,17.3,1223.0,1.406999946,20.6,1.16,0.96,70.5,1.9
60,60,Namibia,,NAM,516,ISO 3166-2:NA,20.1,7.9,72.0,4729.0,20.27300072,52.0,1.87,0.96,63.4,3.4
61,61,Myanmar,MM,MMR,104,ISO 3166-2:MM,42.4,17.0,40.6,1187.0,1.577000022,31.1,0.85,0.97,66.9,2.2
62,62,Mozambique,MZ,MOZ,508,ISO 3166-2:MZ,79.8,3.2,17.0,500.0,3.240999937,37.1,2.5,0.97,60.2,4.9
63,63,Morocco,MA,MAR,504,ISO 3166-2:MA,52.1,13.3,34.6,3497.0,9.019000053,63.5,1.43,1.0,76.5,3.1
64,64,Montenegro,ME,MNE,499,ISO 3166-2:ME,6.6,7.8,85.6,9367.0,14.88300037,67.5,0.07,0.97,76.8,1.7
65,65,Mongolia,MN,MNG,496,ISO 3166-2:MN,23.4,14.4,62.2,4535.0,6.011000156,68.7,1.52,0.95,69.7,2.9
66,66,Mexico,MX,MEX,484,ISO 3166-2:MX,3.6,17.1,79.3,9926.0,3.424999952,80.7,1.24,0.96,75.0,2.1
67,67,Mauritius,MU,MUS,480,ISO 3166-2:MU,3.9,15.1,80.9,8812.0,6.673999786,40.8,0.42,0.96,74.9,1.4
68,68,Mauritania,MR,MRT,478,ISO 3166-2:MR,21.9,17.4,60.6,1723.0,9.548000336,55.3,2.49,0.93,64.7,4.6
69,69,Malta,MT,MLT,470,ISO 3166-2:MT,0.4,8.8,90.8,33257.0,3.47300005,94.7,0.4,1.01,82.4,1.2
70,70,Mali,ML,MLI,466,ISO 3166-2:ML,62.6,5.3,32.2,918.0,7.223999977,43.9,2.99,0.95,58.9,5.9
71,71,Maldives,MV,MDV,462,ISO 3166-2:MV,1.9,22.8,75.4,8995.0,6.138000011,40.7,1.93,1.13,,1.9
72,72,Malaysia,MY,MYS,458,ISO 3166-2:MY,5.9,20.0,74.1,11371.0,3.323999882,77.2,1.66,1.03,76.1,2.0
73,73,Malawi,MW,MWI,454,ISO 3166-2:MW,82.0,2.9,15.1,643.0,5.652999878,17.4,2.86,0.98,63.8,4.2
74,74,Madagascar,MG,MDG,450,ISO 3166-2:MG,59.9,8.9,31.1,515.0,1.758000016,38.5,2.8,1.0,66.7,4.1
75,75,Luxembourg,LU,LUX,442,ISO 3166-2:LU,0.4,4.3,95.3,135683.0,5.362999916,91.5,2.49,1.02,82.1,1.4
76,76,Lithuania,LT,LTU,440,ISO 3166-2:LT,4.2,16.5,79.3,23433.0,6.352000237,68.0,-1.48,0.86,75.7,1.6
77,77,Liberia,LR,LBR,430,ISO 3166-2:LR,40.3,5.2,54.5,673.0,2.813999891,52.1,2.68,1.0,63.7,4.3
78,78,Lesotho,LS,LSO,426,ISO 3166-2:LS,39.8,11.8,48.4,1166.0,23.40500069,29.0,1.08,0.98,53.7,3.1
79,79,Lebanon,LB,LBN,422,ISO 3166-2:LB,9.5,12.9,77.6,2670.0,6.229000092,88.9,0.96,1.0,78.9,2.1
80,80,Latvia,LV,LVA,428,ISO 3166-2:LV,4.3,11.9,83.7,20642.0,6.519999981,68.3,-1.6,0.86,75.2,1.6
81,81,Kuwait,KW,KWT,414,ISO 3166-2:KW,0.0,3.0,97.0,0.0,2.181999922,,3.95,1.38,75.4,2.1
82,82,Kenya,KE,KEN,404,ISO 3166-2:KE,59.3,1.6,39.0,2007.0,2.64199996,28.0,2.7,1.0,63.3,3.5
83,83,Kazakhstan,KZ,KAZ,398,ISO 3166-2:KZ,13.3,11.8,74.9,10041.0,4.590000153,57.7,1.43,0.91,73.2,2.8
84,84,Jordan,JO,JOR,400,ISO 3166-2:JO,0.8,13.0,86.3,4406.0,14.71500015,91.4,2.19,1.11,74.4,2.8
85,85,Japan,JP,JPN,392,ISO 3166-2:JP,3.0,13.9,83.2,39285.0,2.290999889,91.8,-0.2,0.94,84.5,1.4
86,86,Jamaica,JM,JAM,388,ISO 3166-2:JM,8.2,5.7,86.1,4587.0,8.001999855,56.3,0.21,0.98,74.4,2.0
87,87,Italy,IT,ITA,380,ISO 3166-2:IT,2.4,13.0,84.6,35551.0,9.887000084,71.0,0.32,0.93,83.6,1.3
88,88,Israel,IL,ISR,376,ISO 3166-2:IL,0.5,7.9,91.6,51430.0,3.861000061,92.6,1.81,1.01,82.8,2.4
89,89,Ireland,IE,IRL,372,ISO 3166-2:IE,1.2,8.8,90.0,99152.0,4.927999973,63.7,0.26,1.0,82.1,1.8
90,90,Iraq,IQ,IRQ,368,ISO 3166-2:IQ,15.1,16.2,68.8,5048.0,12.82199955,70.9,2.54,1.01,70.5,3.7
91,91,Indonesia,ID,IDN,360,ISO 3166-2:ID,26.4,16.7,57.0,4292.0,4.686999798,56.6,1.25,1.0,71.5,2.3
92,92,India,IN,IND,356,ISO 3166-2:IN,54.7,17.4,28.0,2277.0,5.355000019,34.9,1.26,1.08,69.4,2.2
93,93,Iceland,IS,ISL,352,ISO 3166-2:IS,1.4,7.3,91.3,68384.0,2.842000008,93.9,0.35,1.0,82.9,1.7
94,94,Hungary,HU,HUN,348,ISO 3166-2:HU,2.8,20.0,77.2,18773.0,3.398999929,71.9,-0.28,0.91,76.7,1.6
95,95,Honduras,HN,HND,340,ISO 3166-2:HN,8.3,19.0,72.7,2831.0,5.386000156,58.4,2.03,0.95,75.1,2.5
96,96,Haiti,HT,HTI,332,ISO 3166-2:HT,13.1,2.0,84.9,1815.0,13.78100014,57.1,1.39,0.98,63.7,2.9
97,97,Guyana,GY,GUY,328,ISO 3166-2:GY,7.9,10.9,81.2,9375.0,11.85200024,26.8,0.57,1.02,69.8,2.5
98,98,Guinea-Bissau,GW,GNB,624,ISO 3166-2:GW,64.1,5.8,30.1,813.0,2.46600008,,,,,
99,99,Guinea,GN,GIN,324,ISO 3166-2:GN,61.8,2.0,36.2,1174.0,4.296000004,44.2,2.56,1.0,61.2,4.7
100,99,Guinea,GN,GIN,324,ISO 3166-2:GN,61.8,2.0,36.2,1174.0,4.296000004,44.2,2.56,1.0,61.2,4.5
101,99,Guinea,GN,GIN,324,ISO 3166-2:GN,61.8,2.0,36.2,1174.0,4.296000004,44.2,2.56,1.0,58.0,4.7
102,99,Guinea,GN,GIN,324,ISO 3166-2:GN,61.8,2.0,36.2,1174.0,4.296000004,44.2,2.56,1.0,58.0,4.5
103,99,Guinea,GN,GIN,324,ISO 3166-2:GN,61.8,2.0,36.2,1174.0,4.296000004,44.2,2.56,0.95,61.2,4.7
104,99,Guinea,GN,GIN,324,ISO 3166-2:GN,61.8,2.0,36.2,1174.0,4.296000004,44.2,2.56,0.95,61.2,4.5
105,99,Guinea,GN,GIN,324,ISO 3166-2:GN,61.8,2.0,36.2,1174.0,4.296000004,44.2,2.56,0.95,58.0,4.7
106,99,Guinea,GN,GIN,324,ISO 3166-2:GN,61.8,2.0,36.2,1174.0,4.296000004,44.2,2.56,0.95,58.0,4.5
107,99,Guinea,GN,GIN,324,ISO 3166-2:GN,61.8,2.0,36.2,1174.0,4.296000004,44.2,2.39,1.0,61.2,4.7
108,99,Guinea,GN,GIN,324,ISO 3166-2:GN,61.8,2.0,36.2,1174.0,4.296000004,44.2,2.39,1.0,61.2,4.5
109,99,Guinea,GN,GIN,324,ISO 3166-2:GN,61.8,2.0,36.2,1174.0,4.296000004,44.2,2.39,1.0,58.0,4.7
110,99,Guinea,GN,GIN,324,ISO 3166-2:GN,61.8,2.0,36.2,1174.0,4.296000004,44.2,2.39,1.0,58.0,4.5
111,99,Guinea,GN,GIN,324,ISO 3166-2:GN,61.8,2.0,36.2,1174.0,4.296000004,44.2,2.39,0.95,61.2,4.7
112,99,Guinea,GN,GIN,324,ISO 3166-2:GN,61.8,2.0,36.2,1174.0,4.296000004,44.2,2.39,0.95,61.2,4.5
113,99,Guinea,GN,GIN,324,ISO 3166-2:GN,61.8,2.0,36.2,1174.0,4.296000004,44.2,2.39,0.95,58.0,4.7
114,99,Guinea,GN,GIN,324,ISO 3166-2:GN,61.8,2.0,36.2,1174.0,4.296000004,44.2,2.39,0.95,58.0,4.5
115,99,Guinea,GN,GIN,324,ISO 3166-2:GN,61.8,2.0,36.2,1174.0,4.296000004,36.5,2.56,1.0,61.2,4.7
116,99,Guinea,GN,GIN,324,ISO 3166-2:GN,61.8,2.0,36.2,1174.0,4.296000004,36.5,2.56,1.0,61.2,4.5
117,99,Guinea,GN,GIN,324,ISO 3166-2:GN,61.8,2.0,36.2,1174.0,4.296000004,36.5,2.56,1.0,58.0,4.7
118,99,Guinea,GN,GIN,324,ISO 3166-2:GN,61.8,2.0,36.2,1174.0,4.296000004,36.5,2.56,1.0,58.0,4.5
119,99,Guinea,GN,GIN,324,ISO 3166-2:GN,61.8,2.0,36.2,1174.0,4.296000004,36.5,2.56,0.95,61.2,4.7
120,99,Guinea,GN,GIN,324,ISO 3166-2:GN,61.8,2.0,36.2,1174.0,4.296000004,36.5,2.56,0.95,61.2,4.5
121,99,Guinea,GN,GIN,324,ISO 3166-2:GN,61.8,2.0,36.2,1174.0,4.296000004,36.5,2.56,0.95,58.0,4.7
122,99,Guinea,GN,GIN,324,ISO 3166-2:GN,61.8,2.0,36.2,1174.0,4.296000004,36.5,2.56,0.95,58.0,4.5
123,99,Guinea,GN,GIN,324,ISO 3166-2:GN,61.8,2.0,36.2,1174.0,4.296000004,36.5,2.39,1.0,61.2,4.7
124,99,Guinea,GN,GIN,324,ISO 3166-2:GN,61.8,2.0,36.2,1174.0,4.296000004,36.5,2.39,1.0,61.2,4.5
125,99,Guinea,GN,GIN,324,ISO 3166-2:GN,61.8,2.0,36.2,1174.0,4.296000004,36.5,2.39,1.0,58.0,4.7
126,99,Guinea,GN,GIN,324,ISO 3166-2:GN,61.8,2.0,36.2,1174.0,4.296000004,36.5,2.39,1.0,58.0,4.5
127,99,Guinea,GN,GIN,324,ISO 3166-2:GN,61.8,2.0,36.2,1174.0,4.296000004,36.5,2.39,0.95,61.2,4.7
128,99,Guinea,GN,GIN,324,ISO 3166-2:GN,61.8,2.0,36.2,1174.0,4.296000004,36.5,2.39,0.95,61.2,4.5
129,99,Guinea,GN,GIN,324,ISO 3166-2:GN,61.8,2.0,36.2,1174.0,4.296000004,36.5,2.39,0.95,58.0,4.7
130,99,Guinea,GN,GIN,324,ISO 3166-2:GN,61.8,2.0,36.2,1174.0,4.296000004,36.5,2.39,0.95,58.0,4.5
131,100,Guatemala,GT,GTM,320,ISO 3166-2:GT,9.8,17.1,73.2,5026.0,2.459000111,51.8,2.53,0.99,74.1,2.9
132,101,Guam,GU,GUM,316,ISO 3166-2:GU,0.1,3.5,96.4,0.0,5.31099987,94.9,1.21,1.06,,2.3
133,102,Greece,GR,GRC,300,ISO 3166-2:GR,10.6,7.8,81.6,20277.0,17.23800087,79.7,-0.18,0.95,82.1,1.4
134,103,Ghana,GH,GHA,288,ISO 3166-2:GH,22.1,23.1,54.8,2445.0,4.330999851,57.3,2.17,0.97,63.8,3.9
135,104,Germany,DE,DEU,276,ISO 3166-2:DE,0.8,13.9,85.3,50802.0,3.042999983,77.5,0.11,0.96,81.2,1.6
136,105,Georgia,GE,GEO,268,ISO 3166-2:GE,40.1,5.6,54.3,5042.0,14.39799976,59.5,0.63,0.92,73.6,2.1
137,106,Gabon,GA,GAB,266,ISO 3166-2:GA,45.8,2.7,51.5,8017.0,20.00399971,90.1,2.39,1.08,66.2,4.0
138,107,French Polynesia,PF,PYF,258,ISO 3166-2:PF,3.8,5.5,90.7,0.0,,62.0,1.08,1.05,,1.9
139,108,France,FR,FRA,250,ISO 3166-2:FR,1.5,9.5,89.0,43519.0,8.427000046,81.0,0.5,0.96,82.5,1.9
140,109,Finland,FI,FIN,246,ISO 3166-2:FI,2.1,8.8,89.1,53983.0,6.59499979,85.5,0.48,0.97,81.7,1.4
141,110,Fiji,FJ,FJI,242,ISO 3166-2:FJ,8.2,7.5,84.3,5086.0,4.100999832,57.2,0.78,1.03,67.3,2.8
142,111,Ethiopia,ET,ETH,231,ISO 3166-2:ET,58.7,9.1,32.2,944.0,2.08100009,21.7,2.58,1.0,66.2,4.2
143,112,Estonia,EE,EST,233,ISO 3166-2:EE,1.5,17.0,81.4,27281.0,5.114999771,69.2,-0.04,0.88,78.6,1.7
144,113,Eritrea,ER,ERI,232,ISO 3166-2:ER,68.3,4.5,27.1,,,41.3,3.28,0.97,65.9,4.1
145,114,Equatorial Guinea,GQ,GNQ,226,ISO 3166-2:GQ,42.5,11.6,45.8,8462.0,6.433000088,73.1,2.8,1.0,58.4,4.5
146,115,El Salvador,SV,SLV,222,ISO 3166-2:SV,3.4,17.7,78.9,4409.0,4.110000134,73.4,0.66,0.92,73.1,2.0
147,116,Ecuador,EC,ECU,218,ISO 3166-2:EC,27.1,9.8,63.0,5935.0,3.967999935,64.2,1.6,0.99,76.8,2.4
148,117,Dominican Republic,DO,DOM,214,ISO 3166-2:DO,1.4,9.3,89.3,8604.0,5.84499979,82.5,1.26,1.02,73.9,2.3
149,118,Djibouti,DJ,DJI,262,ISO 3166-2:DJ,22.1,6.8,71.1,3364.0,,78.1,1.52,0.83,66.6,2.7
150,119,Denmark,DK,DNK,208,ISO 3166-2:DK,1.1,8.8,90.1,67803.0,4.913000107,88.1,0.36,0.99,80.8,1.7
151,120,Czech Republic,CZ,CZE,203,ISO 3166-2:CZ,1.7,23.6,74.6,26379.0,1.932999969,74.1,0.18,0.97,79.2,1.7
152,121,Cyprus,CY,CYP,196,ISO 3166-2:CY,1.3,7.1,91.6,30798.0,7.274000168,66.8,1.11,1.05,80.8,1.3
153,122,Cuba,CU,CUB,192,ISO 3166-2:CU,7.3,10.4,82.3,0.0,1.638000011,77.2,-0.05,0.99,78.6,1.6
154,123,Croatia,HR,HRV,191,ISO 3166-2:HR,4.4,16.2,79.4,17399.0,6.934999943,57.6,-0.32,0.93,78.3,1.5
155,124,Costa Rica,CR,CRI,188,ISO 3166-2:CR,4.1,10.0,85.9,12509.0,11.85400009,80.8,1.42,1.0,80.1,1.8
156,125,Comoros,KM,COM,174,ISO 3166-2:KM,31.6,16.4,52.0,1495.0,4.335999966,29.4,2.44,0.94,64.1,4.2
157,126,Colombia,CO,COL,170,ISO 3166-2:CO,6.6,14.4,79.0,6131.0,9.706999779,81.4,1.32,0.98,77.1,1.8
158,127,China,CN,CHN,156,ISO 3166-2:CN,22.0,23.1,54.9,12556.0,4.320000172,61.4,0.49,1.06,76.7,1.7
159,128,Chile,CL,CHL,152,ISO 3166-2:CL,4.7,10.2,85.1,16503.0,7.090000153,87.7,0.9,0.97,80.0,1.6
160,129,Chad,TD,TCD,148,ISO 3166-2:TD,73.4,0.5,26.1,696.0,1.891000032,23.5,3.0,0.98,54.0,5.7
161,130,Central African Republic,CF,CAF,140,ISO 3166-2:CF,72.6,4.6,22.8,511.0,3.680000067,42.2,1.99,0.99,52.8,4.7
162,131,Canada,CA,CAN,124,ISO 3166-2:CA,1.0,8.4,90.6,52051.0,5.56400013,81.6,1.14,0.98,82.3,1.5
163,132,Cameroon,CM,CMR,120,ISO 3166-2:CM,47.7,11.0,41.3,1662.0,3.380000114,57.6,2.54,0.99,58.9,4.6
164,133,Cambodia,KH,KHM,116,ISO 3166-2:KH,36.6,26.3,37.1,1591.0,0.676999986,24.2,1.76,0.95,69.6,2.5
165,134,Burundi,BI,BDI,108,ISO 3166-2:BI,93.7,0.9,5.4,237.0,1.427000046,13.7,3.19,0.99,61.2,5.4
166,135,Burkina Faso,BF,BFA,854,ISO 3166-2:BF,21.4,25.2,53.4,918.0,6.263999939,30.6,2.86,0.96,61.2,5.2
167,136,Bulgaria,BG,BGR,100,ISO 3166-2:BG,4.3,22.2,73.5,11635.0,4.340000153,75.7,-0.6,0.95,74.9,1.6
168,137,Brunei Darussalam,BN,BRN,96,ISO 3166-2:BN,0.7,9.4,89.9,,9.116999626,,,,,
169,138,Brazil,BR,BRA,76,ISO 3166-2:BR,4.0,10.6,85.4,7519.0,12.08300018,87.1,0.87,0.97,75.7,1.7
170,139,Botswana,BW,BWA,72,ISO 3166-2:BW,15.3,9.2,75.5,7348.0,18.19300079,70.9,0.86,0.93,69.3,2.9
171,140,Bosnia and Herzegovina,BA,BIH,70,ISO 3166-2:BA,20.5,16.9,62.7,,18.42499924,49.0,-0.14,0.95,77.3,1.3
172,141,Bolivia,BO,BOL,68,ISO 3166-2:BO,30.3,10.2,59.5,3415.0,3.497999907,70.1,1.65,0.98,71.2,2.7
173,142,Bhutan,BT,BTN,64,ISO 3166-2:BT,64.0,9.6,26.4,0.0,2.342000008,42.3,1.68,1.08,71.5,2.0
174,143,Benin,BJ,BEN,204,ISO 3166-2:BJ,29.8,16.2,54.1,1428.0,2.232000113,48.4,2.73,0.97,61.5,4.8
175,144,Belize,BZ,BLZ,84,ISO 3166-2:BZ,4.7,9.3,86.1,4420.0,6.413000107,46.0,2.43,1.0,74.5,2.3
176,145,Belgium,BE,BEL,56,ISO 3166-2:BE,0.6,8.4,91.0,51768.0,5.589000225,98.1,0.85,0.97,81.5,1.6
177,146,Belarus,BY,BLR,112,ISO 3166-2:BY,7.5,18.8,73.7,7304.0,4.59499979,79.5,-0.1,0.87,74.6,1.4
178,147,Barbados,BB,BRB,52,ISO 3166-2:BB,1.6,9.0,89.4,17034.0,10.33100033,31.2,0.5,0.94,79.1,1.6
179,148,Bangladesh,BD,BGD,50,ISO 3166-2:BD,57.6,17.7,24.8,2503.0,4.190000057,38.2,1.19,0.97,72.3,2.0
180,149,Bahrain,BH,BHR,48,ISO 3166-2:BH,0.0,8.6,91.4,22232.0,0.713999987,89.5,1.92,1.53,77.2,2.0
181,150,Azerbaijan,AZ,AZE,31,ISO 3166-2:AZ,41.8,5.9,52.3,5384.0,5.508999825,56.4,1.35,0.98,72.9,1.7
182,151,Austria,AT,AUT,40,ISO 3166-2:AT,3.2,11.8,85.1,53268.0,4.673999786,58.7,0.46,0.96,81.4,1.5
183,152,Australia,AU,AUS,36,ISO 3166-2:AU,1.7,7.4,90.8,59934.0,5.268000126,86.2,1.6,0.99,83.3,1.7
184,153,Armenia,AM,ARM,51,ISO 3166-2:AM,26.9,11.4,61.7,4670.0,16.98999977,63.3,0.17,0.95,74.9,1.8
185,154,Argentina,AR,ARG,32,ISO 3166-2:AR,0.0,9.2,90.8,10729.0,9.788999557,92.1,0.88,0.98,76.5,2.3
186,155,Angola,AO,AGO,24,ISO 3166-2:AO,56.8,0.9,42.3,2138.0,6.886000156,66.8,3.12,0.95,60.8,5.5
187,156,Algeria,DZ,DZA,12,ISO 3166-2:DZ,3.4,23.5,73.1,3765.0,11.70400047,73.7,1.89,1.03,76.7,3.0
188,157,Albania,AL,ALB,8,ISO 3166-2:AL,41.6,16.3,42.1,6494.0,12.33100033,62.1,0.26,0.98,,1.6
189,158,Afghanistan,AF,AFG,4,ISO 3166-2:AF,65.0,25.0,10.0,0.0,11.11800003,26.0,2.41,1.03,64.5,4.5
